{
  "generated_at": "2026-01-28T04:09:28.785266+00:00",
  "source": "JPL Horizons",
  "planets": {
    "Mercúrio": {
      "id": 199,
      "radius": 2440,
      "orbit_km": 57909308.03468726,
      "period_days": 87.96964432301668,
      "eccentricity": 0.2056339320524053,
      "perihelion_arg_deg": 29.19998302109143,
      "a_AU": 0.3870998147481471,
      "i_deg": 7.003382701075958,
      "raan_deg": 48.29831201246446,
      "argp_deg": 29.19998302109143,
      "M_deg": 268.1426990954872
    },
    "Vênus": {
      "id": 299,
      "radius": 6052,
      "orbit_km": 108209137.9075878,
      "period_days": 224.7013506234843,
      "eccentricity": 0.006783192406313535,
      "perihelion_arg_deg": 54.89861207859427,
      "a_AU": 0.7233334097688318,
      "i_deg": 3.394386361805112,
      "raan_deg": 76.60705637116129,
      "argp_deg": 54.89861207859427,
      "M_deg": 188.3630780162815
    },
    "Terra": {
      "id": 399,
      "radius": 6371,
      "orbit_km": 149537797.04428998,
      "period_days": 365.0363592291525,
      "eccentricity": 0.01617392440966148,
      "perihelion_arg_deg": 283.9380802565469,
      "a_AU": 0.9995984324146533,
      "i_deg": 0.003397722891831891,
      "raan_deg": 179.6787750182247,
      "argp_deg": 283.9380802565469,
      "M_deg": 23.33716553685456
    },
    "Marte": {
      "id": 499,
      "radius": 3390,
      "orbit_km": 227941342.2955941,
      "period_days": 686.9812610043142,
      "eccentricity": 0.09348249926084225,
      "perihelion_arg_deg": 286.6222669640656,
      "a_AU": 1.523693761341712,
      "i_deg": 1.847482518017807,
      "raan_deg": 49.48269886937815,
      "argp_deg": 286.6222669640656,
      "M_deg": 329.9718109111919
    },
    "Júpiter": {
      "id": 599,
      "radius": 69911,
      "orbit_km": 778311270.9514995,
      "period_days": 4332.44541436351,
      "eccentricity": 0.04825339445986859,
      "perihelion_arg_deg": 273.5885388835852,
      "a_AU": 5.20268949891878,
      "i_deg": 1.303516698523888,
      "raan_deg": 100.5175037500842,
      "argp_deg": 273.5885388835852,
      "M_deg": 91.58254288672921
    },
    "Saturno": {
      "id": 699,
      "radius": 58232,
      "orbit_km": 1428220549.5891373,
      "period_days": 10773.11187860347,
      "eccentricity": 0.0554525484113283,
      "perihelion_arg_deg": 337.9857575146738,
      "a_AU": 9.54706469354271,
      "i_deg": 2.488686489612469,
      "raan_deg": 113.6782852596388,
      "argp_deg": 337.9857575146738,
      "M_deg": 277.161432261369
    },
    "Urano": {
      "id": 799,
      "radius": 25362,
      "orbit_km": 2884444022.0428414,
      "period_days": 30923.8815751881,
      "eccentricity": 0.04689969676372018,
      "perihelion_arg_deg": 91.48826015876081,
      "a_AU": 19.28131736465178,
      "i_deg": 0.7735164858047022,
      "raan_deg": 74.0027826318541,
      "argp_deg": 91.48826015876081,
      "M_deg": 259.5776222093387
    },
    "Netuno": {
      "id": 899,
      "radius": 24622,
      "orbit_km": 4505522306.452581,
      "period_days": 60369.39751269872,
      "eccentricity": 0.01107316349695418,
      "perihelion_arg_deg": 275.4293282043801,
      "a_AU": 30.11755638880615,
      "i_deg": 1.769844152677196,
      "raan_deg": 131.7731444550583,
      "argp_deg": 275.4293282043801,
      "M_deg": 314.8777797932412
    }
  },
  "moons": {
    "Lua": {
      "id": 301,
      "planet": "Terra",
      "radius": 1737,
      "eccentricity": 0.04027657951599443,
      "orbit_km": 381151.51002472366,
      "period_days": 26.93947215919814
    },
    "Io": {
      "id": 501,
      "planet": "Júpiter",
      "radius": 1821,
      "eccentricity": 0.003645150400552109,
      "orbit_km": 422021.71250416787,
      "period_days": 1.771303089210448
    },
    "Europa": {
      "id": 502,
      "planet": "Júpiter",
      "radius": 1560,
      "eccentricity": 0.009395925928647068,
      "orbit_km": 671316.1539928918,
      "period_days": 3.553743344937501
    },
    "Ganymede": {
      "id": 503,
      "planet": "Júpiter",
      "radius": 2634,
      "eccentricity": 0.001800200368532911,
      "orbit_km": 1070350.9833717397,
      "period_days": 7.154400914158773
    },
    "Callisto": {
      "id": 504,
      "planet": "Júpiter",
      "radius": 2410,
      "eccentricity": 0.007227541610946118,
      "orbit_km": 1883190.5352590354,
      "period_days": 16.6966748984581
    },
    "Titan": {
      "id": 606,
      "planet": "Saturno",
      "radius": 2575,
      "eccentricity": 0.02869876330653092,
      "orbit_km": 1221974.644033703,
      "period_days": 15.94812749670678
    }
  }
}