{
  "generated_at": "2026-01-22T04:12:54.758217+00:00",
  "source": "JPL Horizons",
  "planets": {
    "Mercúrio": {
      "id": 199,
      "radius": 2440,
      "orbit_km": 57909342.43919096,
      "period_days": 87.96972271850714,
      "eccentricity": 0.2056352824979606,
      "perihelion_arg_deg": 29.19955253618028,
      "a_AU": 0.3871000447280495,
      "i_deg": 7.003384865743844,
      "raan_deg": 48.29847175559036,
      "argp_deg": 29.19955253618028,
      "M_deg": 243.5892628787056
    },
    "Vênus": {
      "id": 299,
      "radius": 6052,
      "orbit_km": 108209227.67986661,
      "period_days": 224.7016302480642,
      "eccentricity": 0.006782392367272294,
      "perihelion_arg_deg": 54.89351889006679,
      "a_AU": 0.7233340098594506,
      "i_deg": 3.394387271220273,
      "raan_deg": 76.60708147832305,
      "argp_deg": 54.89351889006679,
      "M_deg": 178.7554561015338
    },
    "Terra": {
      "id": 399,
      "radius": 6371,
      "orbit_km": 149703012.93774578,
      "period_days": 365.6414884799646,
      "eccentricity": 0.0172319389254624,
      "perihelion_arg_deg": 251.4354082919276,
      "a_AU": 1.000702832448442,
      "i_deg": 0.002755404310469853,
      "raan_deg": 213.0421757343742,
      "argp_deg": 251.4354082919276,
      "M_deg": 16.54895308822309
    },
    "Marte": {
      "id": 499,
      "radius": 3390,
      "orbit_km": 227941467.86125618,
      "period_days": 686.9818286587022,
      "eccentricity": 0.0934832822349258,
      "perihelion_arg_deg": 286.6223374818616,
      "a_AU": 1.52369460069632,
      "i_deg": 1.847483958511832,
      "raan_deg": 49.48281415085597,
      "argp_deg": 286.6223374818616,
      "M_deg": 326.8275119066302
    },
    "Júpiter": {
      "id": 599,
      "radius": 69911,
      "orbit_km": 778477066.9598585,
      "period_days": 4333.829835548458,
      "eccentricity": 0.04827521983355605,
      "perihelion_arg_deg": 273.8444506851539,
      "a_AU": 5.203797776781181,
      "i_deg": 1.303241472711938,
      "raan_deg": 100.5153480605791,
      "argp_deg": 273.8444506851539,
      "M_deg": 90.82583792064499
    },
    "Saturno": {
      "id": 699,
      "radius": 58232,
      "orbit_km": 1427959025.6903143,
      "period_days": 10770.152989752,
      "eccentricity": 0.05520804849067708,
      "perihelion_arg_deg": 338.1737261381692,
      "a_AU": 9.545316514256472,
      "i_deg": 2.488187527714449,
      "raan_deg": 113.6490544110984,
      "argp_deg": 338.1737261381692,
      "M_deg": 276.7751069264976
    },
    "Urano": {
      "id": 799,
      "radius": 25362,
      "orbit_km": 2884443839.412524,
      "period_days": 30923.87863824175,
      "eccentricity": 0.04689073359808515,
      "perihelion_arg_deg": 91.44278426527633,
      "a_AU": 19.28131614384351,
      "i_deg": 0.7709863375603108,
      "raan_deg": 74.0503686255584,
      "argp_deg": 91.44278426527633,
      "M_deg": 259.5046117596038
    },
    "Netuno": {
      "id": 899,
      "radius": 24622,
      "orbit_km": 4505745195.010707,
      "period_days": 60373.8772866726,
      "eccentricity": 0.01111816796468967,
      "perihelion_arg_deg": 275.3268942885904,
      "a_AU": 30.1190463067915,
      "i_deg": 1.769227244349703,
      "raan_deg": 131.7498910579534,
      "argp_deg": 275.3268942885904,
      "M_deg": 314.9694095388109
    }
  },
  "moons": {
    "Lua": {
      "id": 301,
      "planet": "Terra",
      "radius": 1737,
      "eccentricity": 0.03734811627474723,
      "orbit_km": 384468.2473034434,
      "period_days": 27.29187238244625
    },
    "Io": {
      "id": 501,
      "planet": "Júpiter",
      "radius": 1821,
      "eccentricity": 0.004302666600274158,
      "orbit_km": 422030.35194684885,
      "period_days": 1.771357481494218
    },
    "Europa": {
      "id": 502,
      "planet": "Júpiter",
      "radius": 1560,
      "eccentricity": 0.009244383491027304,
      "orbit_km": 671314.6109870928,
      "period_days": 3.553731092640117
    },
    "Ganymede": {
      "id": 503,
      "planet": "Júpiter",
      "radius": 2634,
      "eccentricity": 0.002124788193757144,
      "orbit_km": 1070837.2994155819,
      "period_days": 7.159277391846143
    },
    "Callisto": {
      "id": 504,
      "planet": "Júpiter",
      "radius": 2410,
      "eccentricity": 0.00714514215970027,
      "orbit_km": 1882693.251504204,
      "period_days": 16.69006183657489
    },
    "Titan": {
      "id": 606,
      "planet": "Saturno",
      "radius": 2575,
      "eccentricity": 0.02871868154830429,
      "orbit_km": 1221968.879268703,
      "period_days": 15.94801464195252
    }
  }
}