{
  "generated_at": "2026-01-31T04:39:07.227600+00:00",
  "source": "JPL Horizons",
  "planets": {
    "Mercúrio": {
      "id": 199,
      "radius": 2440,
      "orbit_km": 57909262.52533406,
      "period_days": 87.96954062360383,
      "eccentricity": 0.205633450030812,
      "perihelion_arg_deg": 29.20024605115199,
      "a_AU": 0.3870995105369108,
      "i_deg": 7.003383926651307,
      "raan_deg": 48.29825464414137,
      "argp_deg": 29.20024605115199,
      "M_deg": 280.4193899191193
    },
    "Vênus": {
      "id": 299,
      "radius": 6052,
      "orbit_km": 108209084.68570687,
      "period_days": 224.7011848469063,
      "eccentricity": 0.006783635073604572,
      "perihelion_arg_deg": 54.90135336163837,
      "a_AU": 0.7233330540025319,
      "i_deg": 3.394385945953712,
      "raan_deg": 76.60704091813766,
      "argp_deg": 54.90135336163837,
      "M_deg": 193.1667065089182
    },
    "Terra": {
      "id": 399,
      "radius": 6371,
      "orbit_km": 149470550.27963018,
      "period_days": 364.7901530390015,
      "eccentricity": 0.01586910370476753,
      "perihelion_arg_deg": 297.7449942126184,
      "a_AU": 0.9991489155575942,
      "i_deg": 0.004536765744205306,
      "raan_deg": 164.4809217188933,
      "argp_deg": 297.7449942126184,
      "M_deg": 27.66319183624587
    },
    "Marte": {
      "id": 499,
      "radius": 3390,
      "orbit_km": 227941246.17131335,
      "period_days": 686.980826447959,
      "eccentricity": 0.09348199205713026,
      "perihelion_arg_deg": 286.6222609220969,
      "a_AU": 1.523693118790583,
      "i_deg": 1.847481846269087,
      "raan_deg": 49.48263632869472,
      "argp_deg": 286.6222609220969,
      "M_deg": 331.5439352954747
    },
    "Júpiter": {
      "id": 599,
      "radius": 69911,
      "orbit_km": 778277517.0464107,
      "period_days": 4332.163582329353,
      "eccentricity": 0.0481377104570319,
      "perihelion_arg_deg": 273.5335110666227,
      "a_AU": 5.202463867999498,
      "i_deg": 1.303407104568302,
      "raan_deg": 100.516604710173,
      "argp_deg": 273.5335110666227,
      "M_deg": 91.90151551734994
    },
    "Saturno": {
      "id": 699,
      "radius": 58232,
      "orbit_km": 1427821912.880957,
      "period_days": 10768.60179977633,
      "eccentricity": 0.05546556549027688,
      "perihelion_arg_deg": 338.3601506776566,
      "a_AU": 9.544399971736743,
      "i_deg": 2.487275202685799,
      "raan_deg": 113.5940730072438,
      "argp_deg": 338.3601506776566,
      "M_deg": 276.9746705282672
    },
    "Urano": {
      "id": 799,
      "radius": 25362,
      "orbit_km": 2884500781.051871,
      "period_days": 30924.79434251589,
      "eccentricity": 0.04690565874802643,
      "perihelion_arg_deg": 91.46203616772308,
      "a_AU": 19.28169677519261,
      "i_deg": 0.7735047301140651,
      "raan_deg": 74.00302959142267,
      "argp_deg": 91.46203616772308,
      "M_deg": 259.6397735512493
    },
    "Netuno": {
      "id": 899,
      "radius": 24622,
      "orbit_km": 4503317150.573181,
      "period_days": 60325.08268104329,
      "eccentricity": 0.01091620423440029,
      "perihelion_arg_deg": 278.1018468657967,
      "a_AU": 30.10281583221212,
      "i_deg": 1.770999984021597,
      "raan_deg": 131.8166962852173,
      "argp_deg": 278.1018468657967,
      "M_deg": 312.2070173778616
    }
  },
  "moons": {
    "Lua": {
      "id": 301,
      "planet": "Terra",
      "radius": 1737,
      "eccentricity": 0.05080218334116673,
      "orbit_km": 385380.5918573055,
      "period_days": 27.38907556050723
    },
    "Io": {
      "id": 501,
      "planet": "Júpiter",
      "radius": 1821,
      "eccentricity": 0.003921215764201326,
      "orbit_km": 422023.2780324814,
      "period_days": 1.771312945436896
    },
    "Europa": {
      "id": 502,
      "planet": "Júpiter",
      "radius": 1560,
      "eccentricity": 0.00967742660386895,
      "orbit_km": 671224.3784273819,
      "period_days": 3.553014621989102
    },
    "Ganymede": {
      "id": 503,
      "planet": "Júpiter",
      "radius": 2634,
      "eccentricity": 0.00186671611610716,
      "orbit_km": 1070688.1524163135,
      "period_days": 7.157781719871722
    },
    "Callisto": {
      "id": 504,
      "planet": "Júpiter",
      "radius": 2410,
      "eccentricity": 0.007662049448933572,
      "orbit_km": 1883850.4564669249,
      "period_days": 16.70545212112784
    },
    "Titan": {
      "id": 606,
      "planet": "Saturno",
      "radius": 2575,
      "eccentricity": 0.02877699069961869,
      "orbit_km": 1221922.1828021933,
      "period_days": 15.94710049164614
    }
  }
}