{
  "generated_at": "2026-01-17T16:16:39.102213+00:00",
  "source": "JPL Horizons",
  "planets": {
    "Mercúrio": {
      "id": 199,
      "radius": 2440,
      "orbit_km": 57909306.2304502,
      "period_days": 87.96964021180996,
      "eccentricity": 0.2056369027244835,
      "perihelion_arg_deg": 29.19933075949848,
      "a_AU": 0.3870998026875673,
      "i_deg": 7.003392192002064,
      "raan_deg": 48.2986097812413,
      "argp_deg": 29.19933075949848,
      "M_deg": 223.1279255311519
    },
    "Vênus": {
      "id": 299,
      "radius": 6052,
      "orbit_km": 108209283.1116774,
      "period_days": 224.7018029082907,
      "eccentricity": 0.006781828938590541,
      "perihelion_arg_deg": 54.88935460307361,
      "a_AU": 0.7233343803982192,
      "i_deg": 3.394388137242392,
      "raan_deg": 76.60709873096724,
      "argp_deg": 54.88935460307361,
      "M_deg": 170.7490456327442
    },
    "Terra": {
      "id": 399,
      "radius": 6371,
      "orbit_km": 149723178.58952314,
      "period_days": 365.715371233782,
      "eccentricity": 0.01746789393349072,
      "perihelion_arg_deg": 273.7017291653088,
      "a_AU": 1.000837631504625,
      "i_deg": 0.002900646293994355,
      "raan_deg": 189.5251007002087,
      "argp_deg": 273.7017291653088,
      "M_deg": 12.82883732262872
    },
    "Marte": {
      "id": 499,
      "radius": 3390,
      "orbit_km": 227941517.40486103,
      "period_days": 686.9820526343465,
      "eccentricity": 0.09348375176989684,
      "perihelion_arg_deg": 286.622446834682,
      "a_AU": 1.523694931874863,
      "i_deg": 1.847485303846285,
      "raan_deg": 49.4829056054672,
      "argp_deg": 286.622446834682,
      "M_deg": 324.2072146061257
    },
    "Júpiter": {
      "id": 599,
      "radius": 69911,
      "orbit_km": 778161763.144803,
      "period_days": 4331.197128500638,
      "eccentricity": 0.04815912311205098,
      "perihelion_arg_deg": 273.3585206505593,
      "a_AU": 5.201690100959459,
      "i_deg": 1.303595074089736,
      "raan_deg": 100.5181865084207,
      "argp_deg": 273.3585206505593,
      "M_deg": 90.91032442227954
    },
    "Saturno": {
      "id": 699,
      "radius": 58232,
      "orbit_km": 1427664151.0695047,
      "period_days": 10766.81709485318,
      "eccentricity": 0.05538964501534769,
      "perihelion_arg_deg": 338.4999446970147,
      "a_AU": 9.543345399163524,
      "i_deg": 2.486647776716385,
      "raan_deg": 113.5584282450688,
      "argp_deg": 338.4999446970147,
      "M_deg": 276.3942442435655
    },
    "Urano": {
      "id": 799,
      "radius": 25362,
      "orbit_km": 2884572458.5383925,
      "period_days": 30925.94703346736,
      "eccentricity": 0.04686610820907475,
      "perihelion_arg_deg": 91.45164320427759,
      "a_AU": 19.28217590959597,
      "i_deg": 0.7741266757903574,
      "raan_deg": 73.99117079540744,
      "argp_deg": 91.45164320427759,
      "M_deg": 259.4951078693915
    },
    "Netuno": {
      "id": 899,
      "radius": 24622,
      "orbit_km": 4505060584.611878,
      "period_days": 60360.11784877362,
      "eccentricity": 0.0109872638381053,
      "perihelion_arg_deg": 275.5939644508733,
      "a_AU": 30.11446996893572,
      "i_deg": 1.773522937147829,
      "raan_deg": 131.9113618073478,
      "argp_deg": 275.5939644508733,
      "M_deg": 314.5069952572788
    }
  },
  "moons": {
    "Lua": {
      "id": 301,
      "planet": "Terra",
      "radius": 1737,
      "eccentricity": 0.04805084479952982,
      "orbit_km": 386537.24469871674,
      "period_days": 27.51247335649947
    },
    "Io": {
      "id": 501,
      "planet": "Júpiter",
      "radius": 1821,
      "eccentricity": 0.003729147032316336,
      "orbit_km": 422020.0867142432,
      "period_days": 1.771292853609327
    },
    "Europa": {
      "id": 502,
      "planet": "Júpiter",
      "radius": 1560,
      "eccentricity": 0.009641936239691562,
      "orbit_km": 671235.0202716198,
      "period_days": 3.553099118573097
    },
    "Ganymede": {
      "id": 503,
      "planet": "Júpiter",
      "radius": 2634,
      "eccentricity": 0.001603177895220241,
      "orbit_km": 1070815.2970743806,
      "period_days": 7.159056742002971
    },
    "Callisto": {
      "id": 504,
      "planet": "Júpiter",
      "radius": 2410,
      "eccentricity": 0.007468502504360054,
      "orbit_km": 1883762.6174139227,
      "period_days": 16.70428373699421
    },
    "Titan": {
      "id": 606,
      "planet": "Saturno",
      "radius": 2575,
      "eccentricity": 0.0288180828055475,
      "orbit_km": 1221948.2890349692,
      "period_days": 15.94761155644271
    }
  }
}