{
  "generated_at": "2026-01-30T04:45:29.899285+00:00",
  "source": "JPL Horizons",
  "planets": {
    "Mercúrio": {
      "id": 199,
      "radius": 2440,
      "orbit_km": 57909279.063674174,
      "period_days": 87.96957830851524,
      "eccentricity": 0.205633601821436,
      "perihelion_arg_deg": 29.20015750906029,
      "a_AU": 0.3870996210888861,
      "i_deg": 7.003383410239263,
      "raan_deg": 48.29827162308428,
      "argp_deg": 29.20015750906029,
      "M_deg": 276.327158135282
    },
    "Vênus": {
      "id": 299,
      "radius": 6052,
      "orbit_km": 108209103.04475999,
      "period_days": 224.7012420320472,
      "eccentricity": 0.00678348433887258,
      "perihelion_arg_deg": 54.90041918501704,
      "a_AU": 0.7233331767252219,
      "i_deg": 3.394386080342723,
      "raan_deg": 76.60704629286911,
      "argp_deg": 54.90041918501704,
      "M_deg": 191.5655164787026
    },
    "Terra": {
      "id": 399,
      "radius": 6371,
      "orbit_km": 149487544.218246,
      "period_days": 364.8523666087387,
      "eccentricity": 0.01592799633798455,
      "perihelion_arg_deg": 294.5229114667212,
      "a_AU": 0.9992625130208223,
      "i_deg": 0.004152327676212505,
      "raan_deg": 168.1767255774403,
      "argp_deg": 294.5229114667212,
      "M_deg": 26.21283403878817
    },
    "Marte": {
      "id": 499,
      "radius": 3390,
      "orbit_km": 227941280.86458442,
      "period_days": 686.9809832884602,
      "eccentricity": 0.09348217097298361,
      "perihelion_arg_deg": 286.6222618334019,
      "a_AU": 1.523693350700776,
      "i_deg": 1.847482060744987,
      "raan_deg": 49.48265705802471,
      "argp_deg": 286.6222618334019,
      "M_deg": 331.0198951961864
    },
    "Júpiter": {
      "id": 599,
      "radius": 69911,
      "orbit_km": 778263878.7783669,
      "period_days": 4332.049709806996,
      "eccentricity": 0.04816058479719515,
      "perihelion_arg_deg": 273.5132006881117,
      "a_AU": 5.202372701808563,
      "i_deg": 1.303449355754077,
      "raan_deg": 100.5169635666344,
      "argp_deg": 273.5132006881117,
      "M_deg": 91.83592344928782
    },
    "Saturno": {
      "id": 699,
      "radius": 58232,
      "orbit_km": 1427953592.776613,
      "period_days": 10770.09152448405,
      "eccentricity": 0.0554806451245219,
      "perihelion_arg_deg": 338.2415899560843,
      "a_AU": 9.545280197471508,
      "i_deg": 2.487695700674513,
      "raan_deg": 113.6192540437493,
      "argp_deg": 338.2415899560843,
      "M_deg": 277.0358206897729
    },
    "Urano": {
      "id": 799,
      "radius": 25362,
      "orbit_km": 2884428207.0766926,
      "period_days": 30923.62724915533,
      "eccentricity": 0.04690911024066613,
      "perihelion_arg_deg": 91.46496053274335,
      "a_AU": 19.28121164813272,
      "i_deg": 0.7720158966574617,
      "raan_deg": 74.0308431565378,
      "argp_deg": 91.46496053274335,
      "M_deg": 259.5970979022886
    },
    "Netuno": {
      "id": 899,
      "radius": 24622,
      "orbit_km": 4503306388.850196,
      "period_days": 60324.86643996389,
      "eccentricity": 0.01081627764288449,
      "perihelion_arg_deg": 277.4858649989711,
      "a_AU": 30.10274389453724,
      "i_deg": 1.775030557992091,
      "raan_deg": 131.9681253222958,
      "argp_deg": 277.4858649989711,
      "M_deg": 312.6504910119684
    }
  },
  "moons": {
    "Lua": {
      "id": 301,
      "planet": "Terra",
      "radius": 1737,
      "eccentricity": 0.04717102947872643,
      "orbit_km": 383983.10027059517,
      "period_days": 27.24023069356352
    },
    "Io": {
      "id": 501,
      "planet": "Júpiter",
      "radius": 1821,
      "eccentricity": 0.004157968753254199,
      "orbit_km": 422027.28233590483,
      "period_days": 1.771338155745257
    },
    "Europa": {
      "id": 502,
      "planet": "Júpiter",
      "radius": 1560,
      "eccentricity": 0.009713708477951697,
      "orbit_km": 671230.1847772845,
      "period_days": 3.553060724510216
    },
    "Ganymede": {
      "id": 503,
      "planet": "Júpiter",
      "radius": 2634,
      "eccentricity": 0.002001506301670066,
      "orbit_km": 1070698.2661022332,
      "period_days": 7.157883138375772
    },
    "Callisto": {
      "id": 504,
      "planet": "Júpiter",
      "radius": 2410,
      "eccentricity": 0.007484321834050501,
      "orbit_km": 1883522.2587441886,
      "period_days": 16.70108676463902
    },
    "Titan": {
      "id": 606,
      "planet": "Saturno",
      "radius": 2575,
      "eccentricity": 0.02876427703324989,
      "orbit_km": 1221932.2590679973,
      "period_days": 15.94729774752326
    }
  }
}