{
  "generated_at": "2026-01-19T04:15:34.397971+00:00",
  "source": "JPL Horizons",
  "planets": {
    "Mercúrio": {
      "id": 199,
      "radius": 2440,
      "orbit_km": 57909326.60256585,
      "period_days": 87.96968663253118,
      "eccentricity": 0.2056362080281793,
      "perihelion_arg_deg": 29.19940733313889,
      "a_AU": 0.3870999388667492,
      "i_deg": 7.003388761759757,
      "raan_deg": 48.29855712634115,
      "argp_deg": 29.19940733313889,
      "M_deg": 231.3124757439712
    },
    "Vênus": {
      "id": 299,
      "radius": 6052,
      "orbit_km": 108209263.37121783,
      "period_days": 224.7017414202669,
      "eccentricity": 0.006782040864231123,
      "perihelion_arg_deg": 54.89103394254836,
      "a_AU": 0.7233342484413974,
      "i_deg": 3.394387772627388,
      "raan_deg": 76.60709204847261,
      "argp_deg": 54.89103394254836,
      "M_deg": 173.9515942317103
    },
    "Terra": {
      "id": 399,
      "radius": 6371,
      "orbit_km": 149731754.50536883,
      "period_days": 365.7467931136896,
      "eccentricity": 0.01748169058680336,
      "perihelion_arg_deg": 260.3702647788087,
      "a_AU": 1.000894957961249,
      "i_deg": 0.002766267987505177,
      "raan_deg": 203.4571619640617,
      "argp_deg": 260.3702647788087,
      "M_deg": 14.21666557612242
    },
    "Marte": {
      "id": 499,
      "radius": 3390,
      "orbit_km": 227941503.57817462,
      "period_days": 686.9819901269631,
      "eccentricity": 0.09348358187315778,
      "perihelion_arg_deg": 286.6223941215727,
      "a_AU": 1.523694839449173,
      "i_deg": 1.847484772008403,
      "raan_deg": 49.48287096665219,
      "argp_deg": 286.6223941215727,
      "M_deg": 325.2553405851083
    },
    "Júpiter": {
      "id": 599,
      "radius": 69911,
      "orbit_km": 778183699.318394,
      "period_days": 4331.380272737748,
      "eccentricity": 0.04827225907248952,
      "perihelion_arg_deg": 273.3930798524237,
      "a_AU": 5.201836735222956,
      "i_deg": 1.303726945263933,
      "raan_deg": 100.5191724335925,
      "argp_deg": 273.3930798524237,
      "M_deg": 91.02777049604202
    },
    "Saturno": {
      "id": 699,
      "radius": 58232,
      "orbit_km": 1427642596.5721302,
      "period_days": 10766.57326391996,
      "eccentricity": 0.05528406548487867,
      "perihelion_arg_deg": 338.4924642112584,
      "a_AU": 9.543201316247949,
      "i_deg": 2.486831932690314,
      "raan_deg": 113.5692588698638,
      "argp_deg": 338.4924642112584,
      "M_deg": 276.4457141273227
    },
    "Urano": {
      "id": 799,
      "radius": 25362,
      "orbit_km": 2884337521.8450794,
      "period_days": 30922.16892151306,
      "eccentricity": 0.04687644930780033,
      "perihelion_arg_deg": 91.56914275860755,
      "a_AU": 19.2806054548013,
      "i_deg": 0.7750695440143216,
      "raan_deg": 73.97345477351791,
      "argp_deg": 91.56914275860755,
      "M_deg": 259.4175142705914
    },
    "Netuno": {
      "id": 899,
      "radius": 24622,
      "orbit_km": 4503510630.356309,
      "period_days": 60328.97041831166,
      "eccentricity": 0.01093025053785693,
      "perihelion_arg_deg": 277.8192984483682,
      "a_AU": 30.10410916467883,
      "i_deg": 1.772231398829385,
      "raan_deg": 131.8629296944412,
      "argp_deg": 277.8192984483682,
      "M_deg": 312.3695150142668
    }
  },
  "moons": {
    "Lua": {
      "id": 301,
      "planet": "Terra",
      "radius": 1737,
      "eccentricity": 0.04217973827792449,
      "orbit_km": 387418.59283992066,
      "period_days": 27.60662424783062
    },
    "Io": {
      "id": 501,
      "planet": "Júpiter",
      "radius": 1821,
      "eccentricity": 0.003484950192060739,
      "orbit_km": 422020.0749394346,
      "period_days": 1.7712927794779
    },
    "Europa": {
      "id": 502,
      "planet": "Júpiter",
      "radius": 1560,
      "eccentricity": 0.009507978769553534,
      "orbit_km": 671278.8503440005,
      "period_days": 3.553447137811641
    },
    "Ganymede": {
      "id": 503,
      "planet": "Júpiter",
      "radius": 2634,
      "eccentricity": 0.001713373934591093,
      "orbit_km": 1070391.1561677821,
      "period_days": 7.15480370024015
    },
    "Callisto": {
      "id": 504,
      "planet": "Júpiter",
      "radius": 2410,
      "eccentricity": 0.007055468713508331,
      "orbit_km": 1883416.2609768338,
      "period_days": 16.69967697004158
    },
    "Titan": {
      "id": 606,
      "planet": "Saturno",
      "radius": 2575,
      "eccentricity": 0.02880153034109698,
      "orbit_km": 1221942.4483600855,
      "period_days": 15.94749721686246
    }
  }
}