{
  "generated_at": "2026-01-27T04:11:19.562036+00:00",
  "source": "JPL Horizons",
  "planets": {
    "Mercúrio": {
      "id": 199,
      "radius": 2440,
      "orbit_km": 57909319.77871009,
      "period_days": 87.9696710834184,
      "eccentricity": 0.2056341148700168,
      "perihelion_arg_deg": 29.19989951272047,
      "a_AU": 0.3870998932520909,
      "i_deg": 7.003382564394609,
      "raan_deg": 48.29833523713611,
      "argp_deg": 29.19989951272047,
      "M_deg": 264.0504688527766
    },
    "Vênus": {
      "id": 299,
      "radius": 6052,
      "orbit_km": 108209154.42378116,
      "period_days": 224.7014020684616,
      "eccentricity": 0.00678305111049534,
      "perihelion_arg_deg": 54.89773496397551,
      "a_AU": 0.7233335201727652,
      "i_deg": 3.394386507285881,
      "raan_deg": 76.60706106390366,
      "argp_deg": 54.89773496397551,
      "M_deg": 186.7618337481973
    },
    "Terra": {
      "id": 399,
      "radius": 6371,
      "orbit_km": 149567936.0556563,
      "period_days": 365.1467231925883,
      "eccentricity": 0.01634442898493643,
      "perihelion_arg_deg": 276.7352943800623,
      "a_AU": 0.9997998992619106,
      "i_deg": 0.003109906402046629,
      "raan_deg": 187.257726817298,
      "argp_deg": 276.7352943800623,
      "M_deg": 21.97848664258072
    },
    "Marte": {
      "id": 499,
      "radius": 3390,
      "orbit_km": 227941368.6649205,
      "period_days": 686.9813802141517,
      "eccentricity": 0.09348264778581665,
      "perihelion_arg_deg": 286.6222731599189,
      "a_AU": 1.523693937609772,
      "i_deg": 1.847482750656574,
      "raan_deg": 49.48271904028525,
      "argp_deg": 286.6222731599189,
      "M_deg": 329.4477657010437
    },
    "Júpiter": {
      "id": 599,
      "radius": 69911,
      "orbit_km": 778380576.0209855,
      "period_days": 4333.024104006976,
      "eccentricity": 0.04835441227941539,
      "perihelion_arg_deg": 273.6969183099387,
      "a_AU": 5.203152774693775,
      "i_deg": 1.303571280168346,
      "raan_deg": 100.517945916741,
      "argp_deg": 273.6969183099387,
      "M_deg": 91.37814489777004
    },
    "Saturno": {
      "id": 699,
      "radius": 58232,
      "orbit_km": 1428274290.3166633,
      "period_days": 10773.71993628378,
      "eccentricity": 0.05540404817116095,
      "perihelion_arg_deg": 337.9236754983016,
      "a_AU": 9.54742392811787,
      "i_deg": 2.488970959940427,
      "raan_deg": 113.6951554966765,
      "argp_deg": 337.9236754983016,
      "M_deg": 277.167422629424
    },
    "Urano": {
      "id": 799,
      "radius": 25362,
      "orbit_km": 2884467692.555888,
      "period_days": 30924.26223033607,
      "eccentricity": 0.04689406341080755,
      "perihelion_arg_deg": 91.49731933447491,
      "a_AU": 19.28147559225847,
      "i_deg": 0.7744846505783001,
      "raan_deg": 73.98470601640133,
      "argp_deg": 91.49731933447491,
      "M_deg": 259.5745656748434
    },
    "Netuno": {
      "id": 899,
      "radius": 24622,
      "orbit_km": 4505507692.209643,
      "period_days": 60369.10378904167,
      "eccentricity": 0.01116942298802979,
      "perihelion_arg_deg": 276.0870607466346,
      "a_AU": 30.11745869862601,
      "i_deg": 1.766017952070787,
      "raan_deg": 131.6280938485885,
      "argp_deg": 276.0870607466346,
      "M_deg": 314.3748318950576
    }
  },
  "moons": {
    "Lua": {
      "id": 301,
      "planet": "Terra",
      "radius": 1737,
      "eccentricity": 0.03797437298910257,
      "orbit_km": 380292.8297124271,
      "period_days": 26.84848723445771
    },
    "Io": {
      "id": 501,
      "planet": "Júpiter",
      "radius": 1821,
      "eccentricity": 0.004733940744678873,
      "orbit_km": 422041.2362666757,
      "period_days": 1.771426007888979
    },
    "Europa": {
      "id": 502,
      "planet": "Júpiter",
      "radius": 1560,
      "eccentricity": 0.009599499009636678,
      "orbit_km": 671153.9478925045,
      "period_days": 3.552455418173272
    },
    "Ganymede": {
      "id": 503,
      "planet": "Júpiter",
      "radius": 2634,
      "eccentricity": 0.001695035535474416,
      "orbit_km": 1070664.208886786,
      "period_days": 7.157541619708907
    },
    "Callisto": {
      "id": 504,
      "planet": "Júpiter",
      "radius": 2410,
      "eccentricity": 0.007092089683540322,
      "orbit_km": 1883441.9265252473,
      "period_days": 16.70001832407743
    },
    "Titan": {
      "id": 606,
      "planet": "Saturno",
      "radius": 2575,
      "eccentricity": 0.02869030263283871,
      "orbit_km": 1221943.8611890806,
      "period_days": 15.9475248749895
    }
  }
}