{
  "generated_at": "2026-01-24T04:00:47.284299+00:00",
  "source": "JPL Horizons",
  "planets": {
    "Mercúrio": {
      "id": 199,
      "radius": 2440,
      "orbit_km": 57909341.017352924,
      "period_days": 87.96971947864915,
      "eccentricity": 0.2056347593151142,
      "perihelion_arg_deg": 29.19967528160698,
      "a_AU": 0.3871000352236493,
      "i_deg": 7.003383300564819,
      "raan_deg": 48.29841440072575,
      "argp_deg": 29.19967528160698,
      "M_deg": 251.7737596857694
    },
    "Vênus": {
      "id": 299,
      "radius": 6052,
      "orbit_km": 108209200.29817067,
      "period_days": 224.7015449589701,
      "eccentricity": 0.006782645936250507,
      "perihelion_arg_deg": 54.89518142983864,
      "a_AU": 0.7233338268241185,
      "i_deg": 3.39438695786008,
      "raan_deg": 76.60707384737043,
      "argp_deg": 54.89518142983864,
      "M_deg": 181.9580285204549
    },
    "Terra": {
      "id": 399,
      "radius": 6371,
      "orbit_km": 149657833.17223057,
      "period_days": 365.4759772794376,
      "eccentricity": 0.0169122100146097,
      "perihelion_arg_deg": 256.2622737396648,
      "a_AU": 1.000400824369692,
      "i_deg": 0.002764506538539437,
      "raan_deg": 208.3067815355945,
      "argp_deg": 256.2622737396648,
      "M_deg": 18.44112355956899
    },
    "Marte": {
      "id": 499,
      "radius": 3390,
      "orbit_km": 227941433.72091112,
      "period_days": 686.9816743177913,
      "eccentricity": 0.09348304702851373,
      "perihelion_arg_deg": 286.6223080254243,
      "a_AU": 1.523694372482209,
      "i_deg": 1.847483449660854,
      "raan_deg": 49.48277585489476,
      "argp_deg": 286.6223080254243,
      "M_deg": 327.8756175595127
    },
    "Júpiter": {
      "id": 599,
      "radius": 69911,
      "orbit_km": 778267475.1050375,
      "period_days": 4332.07973718781,
      "eccentricity": 0.04820136763308942,
      "perihelion_arg_deg": 273.520681682019,
      "a_AU": 5.202396741767512,
      "i_deg": 1.303494534010335,
      "raan_deg": 100.5173544610858,
      "argp_deg": 273.520681682019,
      "M_deg": 91.32468705763796
    },
    "Saturno": {
      "id": 699,
      "radius": 58232,
      "orbit_km": 1428187557.501221,
      "period_days": 10772.73859024645,
      "eccentricity": 0.05526710473151032,
      "perihelion_arg_deg": 337.9722336848159,
      "a_AU": 9.546844155056688,
      "i_deg": 2.488915268133765,
      "raan_deg": 113.6919006915519,
      "argp_deg": 337.9722336848159,
      "M_deg": 277.0064899999513
    },
    "Urano": {
      "id": 799,
      "radius": 25362,
      "orbit_km": 2884552395.1043773,
      "period_days": 30925.62437926418,
      "eccentricity": 0.04688913824536064,
      "perihelion_arg_deg": 91.4205693051819,
      "a_AU": 19.28204179382332,
      "i_deg": 0.7722906293392189,
      "raan_deg": 74.02578061325524,
      "argp_deg": 91.4205693051819,
      "M_deg": 259.575566798917
    },
    "Netuno": {
      "id": 899,
      "radius": 24622,
      "orbit_km": 4503554062.940358,
      "period_days": 60329.84315392093,
      "eccentricity": 0.01084145065646831,
      "perihelion_arg_deg": 277.2079905956128,
      "a_AU": 30.10439949357086,
      "i_deg": 1.775242119485342,
      "raan_deg": 131.9758214550838,
      "argp_deg": 277.2079905956128,
      "M_deg": 312.8830811982569
    }
  },
  "moons": {
    "Lua": {
      "id": 301,
      "planet": "Terra",
      "radius": 1737,
      "eccentricity": 0.03607065161225734,
      "orbit_km": 381503.70521018706,
      "period_days": 26.97682007830515
    },
    "Io": {
      "id": 501,
      "planet": "Júpiter",
      "radius": 1821,
      "eccentricity": 0.003817292963559221,
      "orbit_km": 422021.6171680269,
      "period_days": 1.771302488995389
    },
    "Europa": {
      "id": 502,
      "planet": "Júpiter",
      "radius": 1560,
      "eccentricity": 0.00967053016889284,
      "orbit_km": 671229.1004750172,
      "period_days": 3.553052115115858
    },
    "Ganymede": {
      "id": 503,
      "planet": "Júpiter",
      "radius": 2634,
      "eccentricity": 0.001772054563874484,
      "orbit_km": 1070725.3030899204,
      "period_days": 7.15815426352764
    },
    "Callisto": {
      "id": 504,
      "planet": "Júpiter",
      "radius": 2410,
      "eccentricity": 0.007364523496225415,
      "orbit_km": 1882289.1699184976,
      "period_days": 16.68468885446999
    },
    "Titan": {
      "id": 606,
      "planet": "Saturno",
      "radius": 2575,
      "eccentricity": 0.02869690090147599,
      "orbit_km": 1221929.6204656682,
      "period_days": 15.94724609340665
    }
  }
}