{
  "generated_at": "2026-01-18T04:09:11.107493+00:00",
  "source": "JPL Horizons",
  "planets": {
    "Mercúrio": {
      "id": 199,
      "radius": 2440,
      "orbit_km": 57909317.24744068,
      "period_days": 87.96966531556609,
      "eccentricity": 0.2056365489409833,
      "perihelion_arg_deg": 29.19936743962325,
      "a_AU": 0.3870998763316,
      "i_deg": 7.003390408553186,
      "raan_deg": 48.29858405467064,
      "argp_deg": 29.19936743962325,
      "M_deg": 227.2202029145613
    },
    "Vênus": {
      "id": 299,
      "radius": 6052,
      "orbit_km": 108209273.6750619,
      "period_days": 224.7017735149095,
      "eccentricity": 0.006781932473252478,
      "perihelion_arg_deg": 54.89019811557434,
      "a_AU": 0.7233343173183407,
      "i_deg": 3.39438795139085,
      "raan_deg": 76.60709541729192,
      "argp_deg": 54.89019811557434,
      "M_deg": 172.3503157903993
    },
    "Terra": {
      "id": 399,
      "radius": 6371,
      "orbit_km": 149730093.47944567,
      "period_days": 365.7407070978492,
      "eccentricity": 0.01749259019753355,
      "perihelion_arg_deg": 266.6401641663373,
      "a_AU": 1.000883854688753,
      "i_deg": 0.002810326422917216,
      "raan_deg": 196.8936005784598,
      "argp_deg": 266.6401641663373,
      "M_deg": 13.51589548982003
    },
    "Marte": {
      "id": 499,
      "radius": 3390,
      "orbit_km": 227941511.22948802,
      "period_days": 686.982024716854,
      "eccentricity": 0.09348366881956419,
      "perihelion_arg_deg": 286.6224194607474,
      "a_AU": 1.523694890595044,
      "i_deg": 1.847485036064617,
      "raan_deg": 49.48288839134399,
      "argp_deg": 286.6224194607474,
      "M_deg": 324.7312784955965
    },
    "Júpiter": {
      "id": 599,
      "radius": 69911,
      "orbit_km": 778113210.4454613,
      "period_days": 4330.791773133035,
      "eccentricity": 0.04837388509678818,
      "perihelion_arg_deg": 273.2857371469199,
      "a_AU": 5.201365546210687,
      "i_deg": 1.303988033457479,
      "raan_deg": 100.5211656028838,
      "argp_deg": 273.2857371469199,
      "M_deg": 91.0391435230732
    },
    "Saturno": {
      "id": 699,
      "radius": 58232,
      "orbit_km": 1427628193.0639718,
      "period_days": 10766.41032814555,
      "eccentricity": 0.05533511505818829,
      "perihelion_arg_deg": 338.519458247923,
      "a_AU": 9.543105034742796,
      "i_deg": 2.486651656434412,
      "raan_deg": 113.5586578784368,
      "argp_deg": 338.519458247923,
      "M_deg": 276.4017922285496
    },
    "Urano": {
      "id": 799,
      "radius": 25362,
      "orbit_km": 2884598769.5012903,
      "period_days": 30926.37016028014,
      "eccentricity": 0.04686625206057367,
      "perihelion_arg_deg": 91.45119435222335,
      "a_AU": 19.28235178751973,
      "i_deg": 0.7747130716436165,
      "raan_deg": 73.98014902119586,
      "argp_deg": 91.45119435222335,
      "M_deg": 259.5184922961517
    },
    "Netuno": {
      "id": 899,
      "radius": 24622,
      "orbit_km": 4503827038.425073,
      "period_days": 60335.32842760659,
      "eccentricity": 0.01087014773952106,
      "perihelion_arg_deg": 276.910448134519,
      "a_AU": 30.10622422198067,
      "i_deg": 1.775375599057124,
      "raan_deg": 131.9805820913731,
      "argp_deg": 276.910448134519,
      "M_deg": 313.138207774225
    }
  },
  "moons": {
    "Lua": {
      "id": 301,
      "planet": "Terra",
      "radius": 1737,
      "eccentricity": 0.04478489282958551,
      "orbit_km": 387275.8982819843,
      "period_days": 27.59137348666357
    },
    "Io": {
      "id": 501,
      "planet": "Júpiter",
      "radius": 1821,
      "eccentricity": 0.004716579907078149,
      "orbit_km": 422045.8157591851,
      "period_days": 1.771454840098167
    },
    "Europa": {
      "id": 502,
      "planet": "Júpiter",
      "radius": 1560,
      "eccentricity": 0.009166026315569393,
      "orbit_km": 671294.6046048778,
      "period_days": 3.553572232461173
    },
    "Ganymede": {
      "id": 503,
      "planet": "Júpiter",
      "radius": 2634,
      "eccentricity": 0.001412976350195827,
      "orbit_km": 1070749.785979794,
      "period_days": 7.158399779306301
    },
    "Callisto": {
      "id": 504,
      "planet": "Júpiter",
      "radius": 2410,
      "eccentricity": 0.006990326721405439,
      "orbit_km": 1883532.505509263,
      "period_days": 16.70122305106556
    },
    "Titan": {
      "id": 606,
      "planet": "Saturno",
      "radius": 2575,
      "eccentricity": 0.02881053989765929,
      "orbit_km": 1221941.0265346696,
      "period_days": 15.94746938263389
    }
  }
}