{
  "generated_at": "2026-01-26T04:19:38.174512+00:00",
  "source": "JPL Horizons",
  "planets": {
    "Mercúrio": {
      "id": 199,
      "radius": 2440,
      "orbit_km": 57909329.31422203,
      "period_days": 87.96969281142053,
      "eccentricity": 0.2056343124498305,
      "perihelion_arg_deg": 29.19981989532913,
      "a_AU": 0.3870999569930512,
      "i_deg": 7.003382606528434,
      "raan_deg": 48.29836023457409,
      "argp_deg": 29.19981989532913,
      "M_deg": 259.9582362807303
    },
    "Vênus": {
      "id": 299,
      "radius": 6052,
      "orbit_km": 108209170.33218192,
      "period_days": 224.7014516202779,
      "eccentricity": 0.006782912904114926,
      "perihelion_arg_deg": 54.89687244507239,
      "a_AU": 0.723333626513856,
      "i_deg": 3.394386655218107,
      "raan_deg": 76.607065531303,
      "argp_deg": 54.89687244507239,
      "M_deg": 185.1605757974576
    },
    "Terra": {
      "id": 399,
      "radius": 6371,
      "orbit_km": 149599085.03361753,
      "period_days": 365.260797168233,
      "eccentricity": 0.01653201440008665,
      "perihelion_arg_deg": 269.0465596245357,
      "a_AU": 1.000008117318862,
      "i_deg": 0.00291449317023953,
      "raan_deg": 195.2365793912039,
      "argp_deg": 269.0465596245357,
      "M_deg": 20.70349035327219
    },
    "Marte": {
      "id": 499,
      "radius": 3390,
      "orbit_km": 227941392.45230532,
      "period_days": 686.9814877516143,
      "eccentricity": 0.0934827875836801,
      "perihelion_arg_deg": 286.6222823069643,
      "a_AU": 1.523694096618618,
      "i_deg": 1.847482982408277,
      "raan_deg": 49.48273847450651,
      "argp_deg": 286.6222823069643,
      "M_deg": 328.9237182610555
    },
    "Júpiter": {
      "id": 599,
      "radius": 69911,
      "orbit_km": 778307042.3465673,
      "period_days": 4332.410106815271,
      "eccentricity": 0.04826562088289213,
      "perihelion_arg_deg": 273.5824666848014,
      "a_AU": 5.202661232440706,
      "i_deg": 1.303532629957439,
      "raan_deg": 100.5176376821187,
      "argp_deg": 273.5824666848014,
      "M_deg": 91.42093806162684
    },
    "Saturno": {
      "id": 699,
      "radius": 58232,
      "orbit_km": 1428290717.0852432,
      "period_days": 10773.90580175185,
      "eccentricity": 0.05535882512626849,
      "perihelion_arg_deg": 337.8973922382572,
      "a_AU": 9.547533734283581,
      "i_deg": 2.489114852542406,
      "raan_deg": 113.7036667980477,
      "argp_deg": 337.8973922382572,
      "M_deg": 277.1465109820475
    },
    "Urano": {
      "id": 799,
      "radius": 25362,
      "orbit_km": 2884719474.712661,
      "period_days": 30928.31133827221,
      "eccentricity": 0.04688486002191773,
      "perihelion_arg_deg": 91.37885906309208,
      "a_AU": 19.28315865202125,
      "i_deg": 0.7738864429498563,
      "raan_deg": 73.99588399832066,
      "argp_deg": 91.37885906309208,
      "M_deg": 259.6715690816852
    },
    "Netuno": {
      "id": 899,
      "radius": 24622,
      "orbit_km": 4504414079.003615,
      "period_days": 60347.1252084132,
      "eccentricity": 0.01108999867896458,
      "perihelion_arg_deg": 277.3777496531005,
      "a_AU": 30.11014834587225,
      "i_deg": 1.766917152579715,
      "raan_deg": 131.6622661571608,
      "argp_deg": 277.3777496531005,
      "M_deg": 313.0574674130162
    }
  },
  "moons": {
    "Lua": {
      "id": 301,
      "planet": "Terra",
      "radius": 1737,
      "eccentricity": 0.03662869839904249,
      "orbit_km": 380058.4451273043,
      "period_days": 26.823669904228
    },
    "Io": {
      "id": 501,
      "planet": "Júpiter",
      "radius": 1821,
      "eccentricity": 0.003486290852710802,
      "orbit_km": 422020.3710182855,
      "period_days": 1.77129464352106
    },
    "Europa": {
      "id": 502,
      "planet": "Júpiter",
      "radius": 1560,
      "eccentricity": 0.009486238750723177,
      "orbit_km": 671290.2325637044,
      "period_days": 3.553537516692471
    },
    "Ganymede": {
      "id": 503,
      "planet": "Júpiter",
      "radius": 2634,
      "eccentricity": 0.001763950844486912,
      "orbit_km": 1070376.912273011,
      "period_days": 7.154660885254172
    },
    "Callisto": {
      "id": 504,
      "planet": "Júpiter",
      "radius": 2410,
      "eccentricity": 0.007179519165177946,
      "orbit_km": 1883044.593321742,
      "period_days": 16.69473401847975
    },
    "Titan": {
      "id": 606,
      "planet": "Saturno",
      "radius": 2575,
      "eccentricity": 0.02868279374055955,
      "orbit_km": 1221944.5304598538,
      "period_days": 15.94753797691762
    }
  }
}