{
  "generated_at": "2026-01-29T04:43:04.456025+00:00",
  "source": "JPL Horizons",
  "planets": {
    "Mercúrio": {
      "id": 199,
      "radius": 2440,
      "orbit_km": 57909294.3543921,
      "period_days": 87.96961315055054,
      "eccentricity": 0.2056337617892129,
      "perihelion_arg_deg": 29.20006940988634,
      "a_AU": 0.3870997233010222,
      "i_deg": 7.003382992155301,
      "raan_deg": 48.29829076455224,
      "argp_deg": 29.20006940988634,
      "M_deg": 272.2349283654999
    },
    "Vênus": {
      "id": 299,
      "radius": 6052,
      "orbit_km": 108209120.78290798,
      "period_days": 224.7012972831851,
      "eccentricity": 0.006783336802111913,
      "perihelion_arg_deg": 54.89950609622883,
      "a_AU": 0.7233332952974175,
      "i_deg": 3.394386219254256,
      "raan_deg": 76.60705144696712,
      "argp_deg": 54.89950609622883,
      "M_deg": 189.9643063116442
    },
    "Terra": {
      "id": 399,
      "radius": 6371,
      "orbit_km": 149510435.5087807,
      "period_days": 364.9361755437777,
      "eccentricity": 0.01603186347209637,
      "perihelion_arg_deg": 289.9489326766579,
      "a_AU": 0.9994155318467425,
      "i_deg": 0.003757800766720179,
      "raan_deg": 173.2266795709486,
      "argp_deg": 289.9489326766579,
      "M_deg": 24.75864209700138
    },
    "Marte": {
      "id": 499,
      "radius": 3390,
      "orbit_km": 227941313.0287558,
      "period_days": 686.9811286954804,
      "eccentricity": 0.09348234043817559,
      "perihelion_arg_deg": 286.6222634600987,
      "a_AU": 1.523693565704982,
      "i_deg": 1.847482286512013,
      "raan_deg": 49.48267808158383,
      "argp_deg": 286.6222634600987,
      "M_deg": 330.4958539482634
    },
    "Júpiter": {
      "id": 599,
      "radius": 69911,
      "orbit_km": 778528815.0896208,
      "period_days": 4334.261970273693,
      "eccentricity": 0.04823882098013518,
      "perihelion_arg_deg": 273.9236327329204,
      "a_AU": 5.204143691662992,
      "i_deg": 1.303132066409059,
      "raan_deg": 100.5142931296682,
      "argp_deg": 273.9236327329204,
      "M_deg": 91.3326564688287
    },
    "Saturno": {
      "id": 699,
      "radius": 58232,
      "orbit_km": 1428088243.8418758,
      "period_days": 10771.61493374349,
      "eccentricity": 0.05547851698034197,
      "perihelion_arg_deg": 338.1157698602028,
      "a_AU": 9.546180284248363,
      "i_deg": 2.488166830922405,
      "raan_deg": 113.6473748649396,
      "argp_deg": 338.1157698602028,
      "M_deg": 277.0992939083753
    },
    "Urano": {
      "id": 799,
      "radius": 25362,
      "orbit_km": 2884379092.07455,
      "period_days": 30922.83741797697,
      "eccentricity": 0.0469047059432695,
      "perihelion_arg_deg": 91.51248385938315,
      "a_AU": 19.28088333462189,
      "i_deg": 0.7733639234360736,
      "raan_deg": 74.00563113722362,
      "argp_deg": 91.51248385938315,
      "M_deg": 259.5621479133944
    },
    "Netuno": {
      "id": 899,
      "radius": 24622,
      "orbit_km": 4504414963.860875,
      "period_days": 60347.14299050214,
      "eccentricity": 0.01089287522079857,
      "perihelion_arg_deg": 276.1163631312582,
      "a_AU": 30.11015426077769,
      "i_deg": 1.774441650916587,
      "raan_deg": 131.9460803809074,
      "argp_deg": 276.1163631312582,
      "M_deg": 314.0220694517587
    }
  },
  "moons": {
    "Lua": {
      "id": 301,
      "planet": "Terra",
      "radius": 1737,
      "eccentricity": 0.04347100949077189,
      "orbit_km": 382469.49455021025,
      "period_days": 27.07932396115506
    },
    "Io": {
      "id": 501,
      "planet": "Júpiter",
      "radius": 1821,
      "eccentricity": 0.004402807341599966,
      "orbit_km": 422031.77478196315,
      "period_days": 1.77136643944619
    },
    "Europa": {
      "id": 502,
      "planet": "Júpiter",
      "radius": 1560,
      "eccentricity": 0.009226294637883575,
      "orbit_km": 671314.2004356969,
      "period_days": 3.553727832643208
    },
    "Ganymede": {
      "id": 503,
      "planet": "Júpiter",
      "radius": 2634,
      "eccentricity": 0.002158461662243118,
      "orbit_km": 1070856.3283932114,
      "period_days": 7.159468225226664
    },
    "Callisto": {
      "id": 504,
      "planet": "Júpiter",
      "radius": 2410,
      "eccentricity": 0.007396990968727903,
      "orbit_km": 1883758.818933615,
      "period_days": 16.70423321242684
    },
    "Titan": {
      "id": 606,
      "planet": "Saturno",
      "radius": 2575,
      "eccentricity": 0.02874283470168472,
      "orbit_km": 1221952.7496842188,
      "period_days": 15.9476988802277
    }
  }
}